2,两数相加,add-two-numbers,https://leetcode-cn.com/problems/add-two-numbers,中等
4,寻找两个正序数组的中位数,median-of-two-sorted-arrays,https://leetcode-cn.com/problems/median-of-two-sorted-arrays,困难
5,最长回文子串,longest-palindromic-substring,https://leetcode-cn.com/problems/longest-palindromic-substring,中等
7,整数反转,reverse-integer,https://leetcode-cn.com/problems/reverse-integer,简单
8,字符串转换整数 (atoi),string-to-integer-atoi,https://leetcode-cn.com/problems/string-to-integer-atoi,中等
9,回文数,palindrome-number,https://leetcode-cn.com/problems/palindrome-number,简单
11,盛最多水的容器,container-with-most-water,https://leetcode-cn.com/problems/container-with-most-water,中等
14,最长公共前缀,longest-common-prefix,https://leetcode-cn.com/problems/longest-common-prefix,简单
15,三数之和,3sum,https://leetcode-cn.com/problems/3sum,中等
16,最接近的三数之和,3sum-closest,https://leetcode-cn.com/problems/3sum-closest,中等
20,有效的括号,valid-parentheses,https://leetcode-cn.com/problems/valid-parentheses,简单
21,合并两个有序链表,merge-two-sorted-lists,https://leetcode-cn.com/problems/merge-two-sorted-lists,简单
23,合并K个升序链表,merge-k-sorted-lists,https://leetcode-cn.com/problems/merge-k-sorted-lists,困难
26,删除有序数组中的重复项,remove-duplicates-from-sorted-array,https://leetcode-cn.com/problems/remove-duplicates-from-sorted-array,简单
33,搜索旋转排序数组,search-in-rotated-sorted-array,https://leetcode-cn.com/problems/search-in-rotated-sorted-array,中等
43,字符串相乘,multiply-strings,https://leetcode-cn.com/problems/multiply-strings,中等
46,全排列,permutations,https://leetcode-cn.com/problems/permutations,中等
53,最大子序和,maximum-subarray,https://leetcode-cn.com/problems/maximum-subarray,简单
54,螺旋矩阵,spiral-matrix,https://leetcode-cn.com/problems/spiral-matrix,中等
59,螺旋矩阵 II,spiral-matrix-ii,https://leetcode-cn.com/problems/spiral-matrix-ii,中等
61,旋转链表,rotate-list,https://leetcode-cn.com/problems/rotate-list,中等
62,不同路径,unique-paths,https://leetcode-cn.com/problems/unique-paths,中等
70,爬楼梯,climbing-stairs,https://leetcode-cn.com/problems/climbing-stairs,简单
78,子集,subsets,https://leetcode-cn.com/problems/subsets,中等
88,合并两个有序数组,merge-sorted-array,https://leetcode-cn.com/problems/merge-sorted-array,简单
89,格雷编码,gray-code,https://leetcode-cn.com/problems/gray-code,中等
104,二叉树的最大深度,maximum-depth-of-binary-tree,https://leetcode-cn.com/problems/maximum-depth-of-binary-tree,简单
121,买卖股票的最佳时机,best-time-to-buy-and-sell-stock,https://leetcode-cn.com/problems/best-time-to-buy-and-sell-stock,简单
122,买卖股票的最佳时机 II,best-time-to-buy-and-sell-stock-ii,https://leetcode-cn.com/problems/best-time-to-buy-and-sell-stock-ii,简单
124,二叉树中的最大路径和,binary-tree-maximum-path-sum,https://leetcode-cn.com/problems/binary-tree-maximum-path-sum,困难
136,只出现一次的数字,single-number,https://leetcode-cn.com/problems/single-number,简单
141,环形链表,linked-list-cycle,https://leetcode-cn.com/problems/linked-list-cycle,简单
142,环形链表 II,linked-list-cycle-ii,https://leetcode-cn.com/problems/linked-list-cycle-ii,中等
146,LRU 缓存机制,lru-cache,https://leetcode-cn.com/problems/lru-cache,中等
148,排序链表,sort-list,https://leetcode-cn.com/problems/sort-list,中等
155,最小栈,min-stack,https://leetcode-cn.com/problems/min-stack,简单
160,相交链表,intersection-of-two-linked-lists,https://leetcode-cn.com/problems/intersection-of-two-linked-lists,简单
169,多数元素,majority-element,https://leetcode-cn.com/problems/majority-element,简单
206,反转链表,reverse-linked-list,https://leetcode-cn.com/problems/reverse-linked-list,简单
215,数组中的第K个最大元素,kth-largest-element-in-an-array,https://leetcode-cn.com/problems/kth-largest-element-in-an-array,中等
217,存在重复元素,contains-duplicate,https://leetcode-cn.com/problems/contains-duplicate,简单
230,二叉搜索树中第K小的元素,kth-smallest-element-in-a-bst,https://leetcode-cn.com/problems/kth-smallest-element-in-a-bst,中等
231,2的幂,power-of-two,https://leetcode-cn.com/problems/power-of-two,简单
235,二叉搜索树的最近公共祖先,lowest-common-ancestor-of-a-binary-search-tree,https://leetcode-cn.com/problems/lowest-common-ancestor-of-a-binary-search-tree,简单
236,二叉树的最近公共祖先,lowest-common-ancestor-of-a-binary-tree,https://leetcode-cn.com/problems/lowest-common-ancestor-of-a-binary-tree,中等
237,删除链表中的节点,delete-node-in-a-linked-list,https://leetcode-cn.com/problems/delete-node-in-a-linked-list,简单
238,除自身以外数组的乘积,product-of-array-except-self,https://leetcode-cn.com/problems/product-of-array-except-self,中等
292,Nim 游戏,nim-game,https://leetcode-cn.com/problems/nim-game,简单
344,反转字符串,reverse-string,https://leetcode-cn.com/problems/reverse-string,简单
557,反转字符串中的单词 III,reverse-words-in-a-string-iii,https://leetcode-cn.com/problems/reverse-words-in-a-string-iii,简单
